Bedrooms,Bathrooms,Balconies,Pujaz_Rooms,Super_area,Carpet_area,Floor_Number,Total_Floors,Furnished_status,Facing,Address,Price
2,2,0,0,1200,1100,2,3,Unfurnished,West,Abids,43
2,2,0,0,1171,782,1,5,Semi-Furnished,East,Adarsh Nagar Colony-Bandlaguda Jagir,45
2,2,2,1,1155,950,3,4,Furnished,West,Addagutta Society,72
2,2,0,1,1140,1000,3,5,Unfurnished,East,Adibatla,22.8
2,2,0,1,1140,1000,4,5,Unfurnished,East,Adibatla,22.8
2,2,0,1,1150,950,0,10,Unfurnished,East,Adibatla,22.8
2,2,0,1,1160,870,2,9,Semi-Furnished,East,Adibatla,27.8
2,2,2,0,1130,1130,1,5,Unfurnished,East,Adibatla,47.2
2,2,2,1,1000,900,9,9,Semi-Furnished,East,Adibatla,24
2,2,2,1,1140,1140,0,5,Unfurnished,East,Adibatla,39.9
2,2,2,1,1195,1195,0,5,Unfurnished,East,Adibatla,41.8
2,2,2,1,1195,1195,1,7,Unfurnished,East,Adibatla,23.9
2,2,2,1,1200,1000,5,9,Furnished,East,Adibatla,20
2,2,2,1,1200,1200,0,5,Unfurnished,East,Adibatla,39.9
3,2,2,1,1625,1014,0,5,Unfurnished,East,Adibatla,56.9
3,3,2,1,1760,1121,0,5,Unfurnished,East,Adibatla,69.2
2,2,0,0,1000,1000,4,4,Semi-Furnished,East,Aditya Hills,38
2,2,0,1,1285,1100,5,5,Unfurnished,East,Alakapur,60
2,2,0,0,1225,1225,1,5,Furnished,East,ALIND Employees Colony,80
2,2,0,0,1115,890,5,5,Unfurnished,East,Alkapur Township,57
2,2,0,0,1175,900,2,4,Unfurnished,East,Alkapur Township,51
2,2,0,0,1188,1000,2,5,Furnished,East,Alkapur Township,60
2,2,0,0,1216,1216,2,5,Unfurnished,East,Alkapur Township,55.3
2,2,0,0,1235,956,2,5,Unfurnished,West,Alkapur Township,55.6
2,2,0,0,1242,1050,2,5,Unfurnished,East,Alkapur Township,65
2,2,0,0,1267,1267,1,5,Unfurnished,East,Alkapur Township,66
2,2,0,0,1315,1030,4,5,Unfurnished,West,Alkapur Township,63.1
2,2,0,0,1315,1215,5,5,Unfurnished,West,Alkapur Township,57.9
2,2,0,0,1385,1285,5,5,Unfurnished,East,Alkapur Township,69.5
2,2,0,1,1150,1150,1,5,Semi-Furnished,West,Alkapur Township,51.3
2,2,0,1,1180,1180,1,5,Semi-Furnished,East,Alkapur Township,49
2,2,0,1,1204,1204,1,5,Unfurnished,East,Alkapur Township,60.4
2,2,0,1,1215,1215,1,5,Semi-Furnished,West,Alkapur Township,55.7
2,2,0,1,1250,1250,1,5,Semi-Furnished,West,Alkapur Township,57.3
2,2,0,1,1285,1285,1,5,Semi-Furnished,West,Alkapur Township,54
2,2,2,0,1100,1000,5,5,Unfurnished,East,Alkapur Township,57.2
2,2,2,0,1100,1100,5,5,Unfurnished,West,Alkapur Township,49
2,2,2,0,1340,980,2,5,Unfurnished,West,Alkapur Township,64
2,2,2,0,1385,1310,5,6,Furnished,North - West,Alkapur Township,68.5
2,2,2,1,1135,1135,2,5,Unfurnished,East,Alkapur Township,52
2,2,2,1,1153,1150,3,5,Unfurnished,East,Alkapur Township,60.4
2,2,2,1,1200,1180,3,5,Unfurnished,East,Alkapur Township,57
2,2,2,1,1235,1235,1,5,Furnished,West,Alkapur Township,56
3,2,0,1,1366,1366,1,5,Unfurnished,East,Alkapur Township,67.8
3,3,2,1,1515,1615,5,5,Unfurnished,East,Alkapur Township,65
3,3,3,1,1535,1350,4,5,Semi-Furnished,East,Alkapur Township,76
3,3,3,1,1590,1400,3,5,Unfurnished,East,Alkapur Township,64
3,2,0,1,1615,1400,5,5,Semi-Furnished,East,Alkapur Township,65
3,3,2,0,1615,1615,5,5,Furnished,East,Alkapur Township,65
3,3,0,0,1645,1645,2,5,Unfurnished,East,Alkapur Township,75.7
3,3,2,1,1676,1576,0,6,Unfurnished,East,Alkapur Township,78
3,3,0,1,1700,1325,2,4,Unfurnished,North,Alkapur Township,78.3
3,2,3,0,1700,1600,1,5,Furnished,East,Alkapur Township,76.5
3,3,0,0,1725,1350,4,4,Unfurnished,North,Alkapur Township,78.4
3,3,0,1,1725,1625,3,4,Unfurnished,North,Alkapur Township,78
3,3,0,1,1740,1740,2,4,Unfurnished,North - West,Alkapur Township,80
3,3,0,1,1840,1740,2,4,Unfurnished,East,Alkapur Township,79.5
3,3,0,1,1840,1740,1,4,Unfurnished,East,Alkapur Township,79.5
2,2,0,0,1352,1200,0,1,Semi-Furnished,North,Alwal,38.4
2,2,2,0,1230,1150,5,5,Unfurnished,East,Alwal,45
2,2,2,0,1230,995,4,5,Unfurnished,West,Alwal,40
3,2,0,1,1400,1120,3,5,Unfurnished,North - East,Alwal,58.2
2,2,2,1,1000,1000,4,5,Semi-Furnished,East,Amberpet,38
1,2,0,0,720,620,1,3,Semi-Furnished,East,Ameerpet,36
2,2,0,0,1045,945,5,5,Semi-Furnished,West,Ameerpet,65
2,2,0,0,1050,1050,1,4,Semi-Furnished,North,Ameerpet,70
2,2,0,1,1000,900,3,4,Semi-Furnished,South - East,Ameerpet,70
2,2,2,0,1080,980,0,4,Semi-Furnished,West,Ameerpet,50.2
3,2,0,0,1425,1325,3,4,Semi-Furnished,East,Ameerpet,65
2,2,0,0,1205,1205,12,32,Unfurnished,East,Aminpur,30.1
2,2,0,0,1250,1150,4,5,Semi-Furnished,North - East,Aminpur,68
2,2,0,0,1330,1064,1,5,Unfurnished,East,Aminpur,53.9
2,2,2,0,1175,1175,0,2,Unfurnished,West,Aminpur,50
2,2,2,1,1050,1050,2,4,Semi-Furnished,North,Aminpur,32
2,2,2,1,1205,1200,4,25,Unfurnished,East,Aminpur,28.9
3,2,0,0,1250,1250,2,5,Semi-Furnished,East,Aminpur,55
3,2,0,0,1250,1250,2,5,Semi-Furnished,East,Aminpur,55
3,3,2,0,1500,1400,6,8,Semi-Furnished,East,Aminpur,68
3,3,0,0,1640,1245,15,32,Unfurnished,East,Aminpur,41
3,3,0,0,1640,1205,6,32,Unfurnished,East,Aminpur,39.4
1,1,2,0,640,550,1,3,Semi-Furnished,East,Anjaneyanagar Colony,26
2,2,0,0,1180,1180,4,5,Unfurnished,West,Appa junction,62
2,2,0,0,1279,870,9,19,Unfurnished,East,Appa junction,63.9
2,2,0,0,1282,1282,12,19,Unfurnished,West,Appa junction,63
2,2,0,0,1392,1392,10,19,Unfurnished,West,Appa junction,70.2
2,2,0,0,1396,1396,12,19,Unfurnished,East,Appa junction,67.9
2,2,0,0,1507,1507,12,19,Unfurnished,West,Appa junction,72.8
2,2,0,0,1562,1562,12,19,Unfurnished,West,Appa junction,75.2
2,2,0,1,1430,1073,8,18,Unfurnished,West,Appa junction,68.6
2,2,2,1,1487,1100,5,12,Semi-Furnished,East,Appa junction,70
2,3,0,0,1450,900,19,20,Unfurnished,East,Appa junction,80
3,3,0,0,1568,1176,8,18,Unfurnished,East,Appa junction,75.3
3,3,2,1,1628,1628,12,14,Unfurnished,West,Appa junction,79.8
3,3,0,0,1638,1638,12,19,Unfurnished,West,Appa junction,78.5
3,3,0,0,1663,1663,12,19,Unfurnished,East,Appa junction,79.6
2,2,0,0,1105,1000,3,6,Semi-Furnished,South,Ashok Nagar,48
2,2,0,0,1045,1045,1,4,Furnished,East,Ashok Nagar-Ramachandra Puram,35
2,2,2,1,1250,1000,1,5,Unfurnished,East,asian cine planet,50
2,2,0,0,1000,1000,2,5,Semi-Furnished,East,Asif Nagar,35
2,2,0,0,1050,1050,5,5,Unfurnished,East,Attapur,42
2,2,0,0,700,650,5,5,Semi-Furnished,West,Attapur,28
2,2,0,1,809,809,4,5,Unfurnished,South -West,Attapur,50
2,2,2,1,1100,700,4,5,Semi-Furnished,West,Attapur,40
2,2,2,1,1350,1350,3,4,Unfurnished,East,Attapur,55
3,3,2,0,1157,1157,4,5,Unfurnished,North - East,Attapur,46.3
3,2,0,0,1200,1100,4,6,Unfurnished,East,Attapur,60
3,3,2,0,1224,1050,3,5,Unfurnished,East,Attapur,42
3,2,0,1,1230,1230,7,10,Unfurnished,East,Attapur,62.7
3,3,2,0,1335,1335,4,5,Unfurnished,West,Attapur,56.7
3,4,2,0,1440,1440,3,5,Unfurnished,West,Attapur,63
3,3,2,1,1440,1440,1,5,Semi-Furnished,East,Attapur,70
3,3,0,1,1511,1511,2,5,Unfurnished,East,Attapur,78
3,3,0,1,1511,1511,0,0,Semi-Furnished,North,Attapur,68
3,3,2,1,1600,1600,0,0,Unfurnished,West,Attapur,72
3,3,0,0,1634,1634,5,5,Furnished,North - East,Attapur,64
3,2,0,1,1782,1682,3,5,Unfurnished,East,Attapur,80
3,3,2,0,1892,1760,5,5,Unfurnished,North - East,Attapur,75
1,1,2,0,850,850,1,5,Unfurnished,West,Bachupally,28
2,2,0,0,1045,1045,2,5,Unfurnished,East,Bachupally,31.4
2,2,0,0,1060,900,4,5,Unfurnished,West,Bachupally,52
2,2,0,0,1060,960,4,5,Furnished,West,Bachupally,52
2,2,0,0,1075,1075,2,5,Unfurnished,East,Bachupally,37.1
2,2,0,0,1120,1000,1,6,Unfurnished,East,Bachupally,37.1
2,2,0,0,1160,825,1,5,Unfurnished,East,Bachupally,34
2,2,0,0,1195,950,1,5,Unfurnished,East,Bachupally,54
2,2,0,0,1230,1230,3,5,Furnished,East,Bachupally,44
2,2,0,0,1250,1250,2,5,Unfurnished,North,Bachupally,45.6
2,2,0,0,1345,1110,0,6,Unfurnished,East,Bachupally,43.9
2,2,0,1,1050,1000,3,5,Unfurnished,East,Bachupally,36.7
2,2,0,1,1050,1050,2,5,Unfurnished,North,Bachupally,36.7
2,2,0,1,1055,1055,4,5,Unfurnished,West,Bachupally,32
2,2,0,1,1100,1000,2,5,Unfurnished,East,Bachupally,43
2,2,0,1,1100,1000,4,5,Unfurnished,East,Bachupally,41
2,2,0,1,1115,1115,1,3,Unfurnished,East,Bachupally,40
2,2,0,1,1115,1115,1,6,Unfurnished,East,Bachupally,50
2,2,0,1,1120,1115,1,5,Unfurnished,East,Bachupally,33
2,2,0,1,1120,1115,3,5,Unfurnished,East,Bachupally,29
2,2,0,1,1120,950,1,4,Unfurnished,East,Bachupally,40.3
2,2,0,1,1125,940,2,5,Unfurnished,East,Bachupally,36
2,2,0,1,1130,1130,2,5,Unfurnished,East,Bachupally,47.5
2,2,0,1,1150,1000,2,5,Unfurnished,West,Bachupally,40
2,2,0,1,1150,1050,2,5,Unfurnished,North,Bachupally,44
2,2,0,1,1180,1180,3,4,Semi-Furnished,East,Bachupally,36.2
2,2,0,1,1180,944,2,5,Semi-Furnished,North - East,Bachupally,60
2,2,0,1,1190,1000,2,5,Unfurnished,West,Bachupally,45.2
2,2,0,1,1200,1000,2,3,Unfurnished,North - West,Bachupally,43
2,2,0,1,1200,1250,2,5,Unfurnished,East,Bachupally,46
2,2,0,1,1250,1000,4,5,Unfurnished,East,Bachupally,39
2,2,0,1,1300,1200,2,5,Unfurnished,East,Bachupally,43
2,2,0,1,1310,1220,1,6,Semi-Furnished,East,Bachupally,49
2,2,0,1,1370,1270,5,5,Unfurnished,East,Bachupally,40
2,2,2,0,1060,1000,2,4,Unfurnished,East,Bachupally,29
2,2,2,0,1065,900,2,5,Unfurnished,East,Bachupally,37
2,2,2,0,1065,980,2,5,Furnished,North - East,Bachupally,40
2,2,2,0,1075,1075,0,0,Unfurnished,West,Bachupally,37
2,2,2,0,1120,1120,1,5,Unfurnished,East,Bachupally,35
2,2,2,0,1130,1050,1,5,Furnished,West,Bachupally,42
2,2,2,1,1075,1075,1,5,Unfurnished,East,Bachupally,37
2,2,2,1,1100,1100,2,4,Semi-Furnished,East,Bachupally,38
2,2,2,1,1130,1130,2,5,Unfurnished,East,Bachupally,44.2
2,2,2,1,1130,1130,2,5,Unfurnished,North,Bachupally,44.2
2,2,2,1,1135,1035,2,5,Semi-Furnished,East,Bachupally,47
2,2,2,1,1200,960,2,5,Unfurnished,East,Bachupally,35
2,2,2,1,1292,969,3,5,Unfurnished,West,Bachupally,50
2,2,2,1,1300,1200,3,5,Unfurnished,West,Bachupally,42.1
2,2,2,1,843,843,2,4,Unfurnished,East,Bachupally,35
3,2,0,1,1115,1115,1,3,Unfurnished,East,Bachupally,35
3,2,2,1,1130,1370,3,5,Unfurnished,East,Bachupally,43.5
3,3,0,0,1375,1275,3,5,Unfurnished,East,Bachupally,64
3,2,2,0,1480,1380,4,5,Unfurnished,East,Bachupally,48
3,3,3,1,1530,1530,0,4,Unfurnished,West,Bachupally,47
3,2,2,0,1545,1445,1,6,Semi-Furnished,North - East,Bachupally,54
3,1,2,1,1599,1259,1,1,Unfurnished,North,Bachupally,59
3,3,2,0,1640,1560,1,6,Unfurnished,East,Bachupally,53.7
2,2,2,1,1027,1000,3,5,Unfurnished,East,Balaji Colony,38
2,2,2,1,1175,1075,1,5,Unfurnished,East,Balaji Colony,49.5
3,3,2,1,1750,1750,4,5,Unfurnished,East,Balakrishna Nagar,75
2,2,0,1,850,750,1,4,Furnished,North,Balkampet,35
2,2,0,0,1160,1160,3,5,Semi-Furnished,West,Bandam Kommu,47
2,2,2,1,1250,1250,5,5,Semi-Furnished,East,Bandam Kommu,54.9
1,1,0,0,660,600,3,4,Unfurnished,West,Bandari Layout,22
2,2,0,0,1100,1000,0,4,Unfurnished,East,Bandari Layout,30
2,2,0,0,1100,1000,8,20,Semi-Furnished,East,Bandari Layout,53
2,2,0,0,1150,1050,3,4,Semi-Furnished,North - East,Bandari Layout,47
2,2,0,1,1074,974,2,5,Unfurnished,East,Bandari Layout,38.4
2,2,2,0,1050,1000,1,5,Unfurnished,West,Bandari Layout,43.5
2,2,2,0,1250,1150,0,5,Furnished,North - West,Bandari Layout,52
2,2,2,1,1110,1020,5,6,Semi-Furnished,East,Bandari Layout,45
3,2,2,0,1550,1450,1,4,Unfurnished,North,Bandari Layout,55
2,1,0,0,1200,1200,1,7,Unfurnished,East,Bandlaguda Jagir,59.2
2,2,0,0,1050,900,1,4,Unfurnished,West,Bandlaguda Jagir,40
2,2,0,1,1200,980,1,5,Unfurnished,East,Bandlaguda Jagir,46.5
2,2,2,0,1250,1250,6,8,Unfurnished,North,Bandlaguda Jagir,53.8
2,2,2,1,1173,1173,2,4,Furnished,East,Bandlaguda Jagir,49
2,2,2,1,1300,1300,1,3,Furnished,East,Bandlaguda Jagir,52
3,3,0,1,1302,1200,3,5,Unfurnished,East,Bandlaguda Jagir,50
3,3,0,1,1302,1200,3,5,Unfurnished,North,Bandlaguda Jagir,50
3,2,2,0,1502,1300,3,5,Unfurnished,East,Bandlaguda Jagir,59.8
3,3,0,1,1506,1204,5,5,Unfurnished,East,Bandlaguda Jagir,64
3,3,2,0,1506,1506,1,5,Unfurnished,East,Bandlaguda Jagir,57.2
3,3,0,1,1506,1240,3,5,Unfurnished,East,Bandlaguda Jagir,60.7
3,2,0,0,1600,1600,5,8,Unfurnished,East,Bandlaguda Jagir,78.4
2,2,0,0,850,775,3,5,Unfurnished,East,Bandlaguda-Chandrayanagutta,32
2,2,0,1,1170,1135,3,5,Unfurnished,East,Bandlaguda-Nagole,22
2,2,2,0,1230,1230,3,5,Unfurnished,East,Bandlaguda-Nagole,54.1
2,3,2,1,1350,1250,3,4,Furnished,North - East,Bandlaguda-Nagole,75
3,2,2,1,1645,1645,4,5,Unfurnished,East,Bandlaguda-Nagole,31.3
3,3,0,1,1662,1330,1,5,Unfurnished,East,Bandlaguda-Nagole,76.4
3,2,0,1,1690,1645,4,5,Unfurnished,East,Bandlaguda-Nagole,32.9
1,1,0,0,680,600,3,3,Semi-Furnished,East,Banjara Hills,25
2,2,0,0,1010,1010,1,3,Semi-Furnished,East,Banjara Hills,48
1,2,0,0,750,600,3,4,Unfurnished,North - East,Barkatpura,25
2,2,0,0,1050,1000,2,5,Semi-Furnished,East,Barkatpura,65
3,3,2,0,1525,1400,1,5,Semi-Furnished,North,Barkatpura,67.5
2,2,3,0,1100,940,2,2,Furnished,East,Basheer Bagh,60
2,2,0,0,1100,1100,2,5,Unfurnished,East,Batchupally,44
2,1,0,1,1110,1110,2,5,Unfurnished,West,Beeramguda,42.5
2,1,2,0,1090,900,0,5,Unfurnished,West,Beeramguda,40
2,2,0,0,1028,1028,2,6,Semi-Furnished,North,Beeramguda,30.4
2,2,0,0,1080,1080,2,5,Unfurnished,East,Beeramguda,35.6
2,2,0,0,1100,1100,2,4,Semi-Furnished,North - East,Beeramguda,45
2,2,0,0,1144,1144,10,10,Semi-Furnished,East,Beeramguda,28.6
2,2,0,0,1200,1000,4,10,Unfurnished,East,Beeramguda,25
2,2,0,0,750,675,2,2,Unfurnished,North,Beeramguda,23
2,2,0,1,1000,800,6,10,Unfurnished,East,Beeramguda,25
2,2,0,1,1005,905,3,6,Unfurnished,North,Beeramguda,30.2
2,2,0,1,1014,914,2,5,Semi-Furnished,West,Beeramguda,30.3
2,2,0,1,1040,900,3,4,Furnished,North - East,Beeramguda,40
2,2,0,1,1100,920,5,10,Unfurnished,West,Beeramguda,23.8
2,2,0,1,1101,1001,1,1,Unfurnished,South,Beeramguda,58
2,2,0,1,850,850,4,4,Semi-Furnished,North - East,Beeramguda,45
2,2,2,0,1036,750,3,4,Unfurnished,East,Beeramguda,30.5
2,2,2,0,1080,1080,2,5,Unfurnished,East,Beeramguda,48.4
2,2,2,1,1000,900,3,5,Unfurnished,East,Beeramguda,49.7
2,2,2,1,1020,1020,1,4,Semi-Furnished,East,Beeramguda,30
2,2,2,1,1025,1000,2,5,Semi-Furnished,East,Beeramguda,38
2,2,2,1,1030,1030,3,4,Unfurnished,West,Beeramguda,34
2,2,2,1,1200,1200,2,10,Semi-Furnished,East,Beeramguda,30
2,2,2,1,1200,1200,2,10,Semi-Furnished,East,Beeramguda,36
3,2,0,1,1500,1500,3,5,Unfurnished,East,Beeramguda,57.8
3,2,0,1,1500,1500,1,1,Unfurnished,East,Beeramguda,60.5
3,3,3,1,1665,1665,2,10,Semi-Furnished,East,Beeramguda,50
3,2,0,0,1500,1400,4,4,Unfurnished,North - East,Begumpet,70
2,2,0,1,1075,1075,2,4,Unfurnished,North - West,Boduppal,36
2,2,2,0,797,780,2,3,Unfurnished,East,Boduppal,26
2,2,3,0,1130,905,7,8,Unfurnished,East,Boduppal,45.2
2,2,0,0,1130,1150,0,4,Semi-Furnished,North - West,Boinpalli,39
2,2,0,0,1075,1075,2,5,Semi-Furnished,East,Bolarum,37.6
2,2,0,1,1070,1000,2,5,Unfurnished,East,Bolarum,40
2,2,2,0,1075,1075,2,2,Unfurnished,East,Bolarum,43.8
2,2,2,0,1230,984,3,4,Unfurnished,North,Bolarum,40
2,2,2,1,1140,1140,3,5,Unfurnished,East,Bolarum,46
3,3,2,1,1665,1565,1,5,Furnished,West,Bolarum,63
2,2,0,0,1200,1100,4,4,Furnished,West,Borabanda,69
2,2,2,0,1200,1200,4,5,Semi-Furnished,North,Bowenpally,38
3,3,2,1,1370,1270,3,3,Unfurnished,East,Bowenpally,53.2
2,2,2,1,1122,897,1,5,Unfurnished,North - East,Bowrampet,39
3,3,0,1,1630,1350,3,4,Unfurnished,East,Camelot Layout,75
3,3,3,1,1720,1645,3,4,Unfurnished,East,Chadarghat,78
2,2,0,1,1130,1000,4,4,Unfurnished,East,Chaitanyapuri,48
2,1,2,0,1100,1000,1,5,Unfurnished,West,Chandanagar,61
2,2,0,0,1100,1000,2,4,Semi-Furnished,East,Chandanagar,61
2,2,0,0,1205,927,7,32,Unfurnished,East,Chandanagar,47.3
2,2,0,0,1225,1000,2,5,Unfurnished,West,Chandanagar,60
2,2,0,0,1472,1472,2,5,Unfurnished,East,Chandanagar,72.2
2,2,0,0,885,885,1,4,Unfurnished,West,Chandanagar,39
2,2,0,1,1205,927,5,32,Unfurnished,East,Chandanagar,29
2,2,0,1,885,885,0,0,Unfurnished,West,Chandanagar,44
2,2,2,0,1138,1138,1,5,Unfurnished,East,Chandanagar,58
2,2,2,0,1166,1166,2,4,Unfurnished,East,Chandanagar,53.6
2,2,2,0,1270,1170,5,5,Semi-Furnished,North - East,Chandanagar,60
3,2,2,1,1500,1125,4,4,Unfurnished,West,Chandanagar,73
3,3,2,0,1550,1400,4,4,Unfurnished,West,Chandanagar,58
2,2,0,1,700,650,0,3,Furnished,South,Charminar,25
2,2,2,0,1000,1000,4,5,Semi-Furnished,West,Cherukupally Pratap Reddy Colony,43
3,3,0,0,1300,1200,3,5,Semi-Furnished,North,Chilakalguda,55
2,2,0,1,1075,975,4,5,Unfurnished,East,Chilka Nagar,49.7
2,2,0,0,1200,1200,4,5,Unfurnished,West,CMC Enclave,71
2,2,0,0,1062,1062,4,4,Unfurnished,North,Dammaiguda,30
2,2,0,0,763,763,2,3,Semi-Furnished,West,Dammaiguda,24
2,2,0,1,1000,940,2,3,Unfurnished,East,Dammaiguda,27
2,2,0,1,1190,1090,2,4,Unfurnished,East,Dammaiguda,38
2,2,0,1,1200,1100,1,4,Semi-Furnished,West,Dammaiguda,37
2,2,0,1,900,850,3,5,Unfurnished,West,Dammaiguda,35
2,2,0,0,1185,1000,3,4,Unfurnished,North,DD Colony,68
2,2,0,1,1200,1200,2,4,Semi-Furnished,North,DD Colony,53
2,2,2,0,1125,1050,1,5,Semi-Furnished,South,DD Colony,68
2,2,0,0,1000,850,1,4,Semi-Furnished,North,Dilsukh Nagar,33
2,2,0,0,1200,1100,3,5,Semi-Furnished,East,Dilsukh Nagar,68
2,2,0,0,792,770,4,5,Unfurnished,West,Dilsukh Nagar,32
2,2,0,1,1000,900,5,6,Furnished,West,Dilsukh Nagar,45
2,2,2,1,1040,1040,3,4,Furnished,East,Dilsukh Nagar,60
3,3,2,0,1000,850,5,5,Furnished,East,Dilsukh Nagar,40
3,2,2,1,1450,1350,2,5,Unfurnished,East,Dilsukh Nagar,68
2,2,0,0,1270,1170,1,3,Furnished,West,Dr A.S. Rao Nagar,50
2,2,0,0,1135,900,2,5,Unfurnished,East,Dullapally,40
2,2,0,0,1300,1300,5,5,Unfurnished,North - West,Dullapally,44.9
2,2,0,1,1300,1200,4,4,Unfurnished,North,Dullapally,48.1
2,2,0,0,1060,950,2,4,Semi-Furnished,South,East Marredpally,65
2,2,0,0,1150,1100,4,4,Semi-Furnished,East,East Marredpally,60
2,2,2,1,1000,800,5,5,Semi-Furnished,North - East,East Marredpally,72
2,2,2,1,1150,1150,0,0,Unfurnished,North,East Marredpally,72.5
2,2,0,0,1080,1040,1,4,Semi-Furnished,West,ECIL,42
2,2,0,1,1090,990,4,5,Furnished,East,ECIL,38
2,2,2,0,1280,1280,4,4,Unfurnished,East,ECIL,50
2,2,2,0,1050,950,2,3,Semi-Furnished,South,Erragadda,50
2,2,2,1,1300,1200,3,4,Unfurnished,West,Erragadda,76
2,2,0,0,850,800,23,24,Semi-Furnished,North,Financial District,72
3,2,0,0,1600,1500,2,4,Unfurnished,East,Financial District,75
3,2,0,0,1600,1500,2,4,Unfurnished,East,Financial District,75
3,2,0,0,1600,1500,2,4,Unfurnished,East,Financial District,75
3,2,0,0,1600,1500,2,4,Unfurnished,East,Financial District,75
3,3,2,1,1365,1365,3,4,Unfurnished,East,Friends Colony,75
2,2,2,0,880,880,4,6,Furnished,West,G139 MADHURA NAGAR,52
2,2,0,0,1053,1053,11,13,Unfurnished,East,Gachibowli,68.5
2,2,0,0,1120,1120,0,0,Unfurnished,East,Gachibowli,67.2
2,2,0,0,1120,1120,12,20,Unfurnished,East,Gachibowli,67.2
2,2,0,0,850,850,7,24,Unfurnished,East,Gachibowli,80
2,2,0,1,1160,950,2,4,Semi-Furnished,West,Gachibowli,55
2,2,2,1,1245,1245,2,31,Unfurnished,North,Gachibowli,74.7
3,2,0,0,1250,1250,2,5,Unfurnished,East,Gachibowli,70
3,2,0,0,1120,1120,16,20,Unfurnished,North,Gachibowli,78
3,2,0,0,1198,1198,22,24,Unfurnished,North - West,Gachibowli,80
3,2,0,0,1600,1500,3,4,Unfurnished,East,Gachibowli,75
3,2,0,0,1600,1500,3,4,Unfurnished,East,Gachibowli,75
3,2,0,1,1600,1500,3,4,Unfurnished,East,Gachibowli,75
2,2,0,0,1100,850,4,4,Unfurnished,West,Gachibowli CUC,72
2,2,0,0,1200,835,13,18,Unfurnished,West,Gachibowli CUC,68
2,2,2,1,1350,1250,3,5,Unfurnished,West,Gachibowli CUC,80
3,2,0,0,1344,1021,15,30,Semi-Furnished,West,Gachibowli Phase 3,73.9
3,3,3,1,1402,1100,20,30,Semi-Furnished,East,Gachibowli Phase 3,75
2,2,0,0,1000,900,6,10,Semi-Furnished,East,Gajularamaram,37
2,2,0,0,1125,1100,5,5,Unfurnished,West,Gajularamaram,46
2,2,0,0,1170,1050,2,5,Unfurnished,West,Gajularamaram,41
2,2,0,0,1250,1080,1,5,Unfurnished,East,Gajularamaram,50
2,2,0,0,1250,1080,5,5,Unfurnished,East,Gajularamaram,49
2,2,0,0,1400,1330,2,5,Unfurnished,East,Gajularamaram,54
2,2,2,0,1000,775,3,5,Unfurnished,East,Gajularamaram,43
2,2,2,0,1050,840,3,5,Unfurnished,East,Gajularamaram,43
2,2,2,0,1100,1000,2,5,Unfurnished,East,Gajularamaram,41.8
2,2,2,0,1106,1106,3,5,Unfurnished,East,Gajularamaram,38.7
2,2,2,0,1115,1015,4,5,Unfurnished,North,Gajularamaram,48
2,2,2,0,1220,1220,3,5,Unfurnished,East,Gajularamaram,42.7
2,2,2,0,1250,1250,5,5,Unfurnished,East,Gajularamaram,50
2,2,2,1,1125,980,4,5,Unfurnished,East,Gajularamaram,46
3,3,2,1,1620,1520,4,5,Unfurnished,East,Gajularamaram,72.9
3,3,0,0,1650,1550,5,5,Unfurnished,East,Gajularamaram,60
3,2,3,0,1933,1833,2,9,Furnished,West,Gajularamaram,70
2,2,0,0,1000,900,3,3,Unfurnished,North,Gandhi Nagar,30
3,2,4,0,1225,1125,2,4,Unfurnished,South,Gandhinagar-Indira Park Road,60
2,2,0,0,1000,1000,2,5,Unfurnished,East,Gandi Maisamma,36
2,2,2,0,1000,1000,1,5,Unfurnished,East,Gandi Maisamma,36
2,2,2,0,1000,1000,2,5,Unfurnished,North,Gandi Maisamma,36
2,2,0,0,1300,1000,2,5,Unfurnished,East,Gangaram,42
2,2,0,1,1126,21,1,5,Unfurnished,East,Ghatkesar,42.8
2,3,0,1,1100,1100,2,5,Unfurnished,East,Ghatkesar,33
3,3,0,0,1787,1250,0,5,Unfurnished,East,Ghatkesar,68.8
3,3,2,0,1350,1080,4,5,Unfurnished,West,Gopalnagar Society,72
2,2,2,0,1125,900,2,5,Unfurnished,East,Gopanapalli,54
3,3,0,1,1503,1202,5,5,Unfurnished,East,Gopanapalli,72.1
2,2,2,0,1068,891,1,10,Unfurnished,East,Gopanpally,62
2,2,0,1,1145,920,1,3,Unfurnished,East,Goshamahal,75
2,2,0,0,1199,1199,0,0,Unfurnished,East,Gowdavalli,43.2
3,2,0,0,1400,1300,0,4,Semi-Furnished,North - East,Gudimalkapur,65
2,2,0,0,1000,1000,4,5,Unfurnished,West,Gun Foundry,65
3,3,2,1,1556,1245,4,5,Unfurnished,West,Gundlapochampally,41
3,2,0,0,1206,1206,2,5,Unfurnished,East,Habeeb Nagar,50
2,2,2,0,1050,980,2,3,Semi-Furnished,North - East,Habsiguda,40
2,2,0,0,1250,1150,8,14,Unfurnished,East,Hafeezpet,70
2,2,0,0,1250,1250,6,14,Unfurnished,East,Hafeezpet,72
2,2,0,0,1250,975,12,14,Unfurnished,East,Hafeezpet,73.5
3,2,0,0,1265,930,9,19,Unfurnished,East,Hafeezpet,80
3,2,2,0,1290,1290,11,19,Unfurnished,East,Hafeezpet,80
3,2,2,0,1290,1290,11,19,Unfurnished,East,Hafeezpet,80
3,3,2,0,1400,1400,1,5,Unfurnished,East,Hafeezpet,70
3,2,0,0,1490,1390,10,15,Unfurnished,East,Hafeezpet,80
3,2,0,0,1490,1490,8,14,Unfurnished,East,Hafeezpet,75
3,3,2,1,1500,1400,3,5,Unfurnished,East,Hafeezpet,70
3,3,0,0,1600,1600,2,5,Unfurnished,West,Hafeezpet,70
3,3,0,0,1600,1100,2,5,Unfurnished,West,Hafeezpet,70
3,3,0,1,1560,1400,4,5,Semi-Furnished,East,Hasthinapuram,65
3,2,2,1,1300,1135,2,5,Unfurnished,West,Hasthinapuram South,68
2,1,0,1,1050,1050,3,5,Semi-Furnished,North - East,Hayathnagar,40
2,2,2,0,1050,1000,2,2,Unfurnished,North - East,Hema Nagar,24
2,2,0,0,1100,1000,3,6,Semi-Furnished,North - East,Himayath Nagar,50
2,2,0,0,1125,1125,2,5,Semi-Furnished,West,Himayath Nagar,70
2,2,2,1,1000,900,2,5,Semi-Furnished,West,Himayath Nagar,50
3,2,0,1,1397,1397,1,6,Unfurnished,North - East,Himayath Nagar,80
2,2,0,0,1080,950,3,4,Semi-Furnished,South -West,Hitech City,60
2,2,2,0,1150,1100,1,4,Unfurnished,East,Hitech City,60
2,2,2,1,1230,1213,1,5,Unfurnished,East,Hitech City,55
2,2,0,0,1010,1010,3,5,Semi-Furnished,West,HMT Swarnapuri Colony,36
2,2,0,0,1050,1050,1,4,Unfurnished,East,Hyder Nagar,54
2,2,0,0,1070,1070,5,6,Unfurnished,East,Hyder Nagar,70
2,2,0,0,1250,1100,3,5,Unfurnished,North,Hyder Nagar,56.3
2,2,0,1,1112,1112,5,5,Furnished,West,Hyder Nagar,60
3,2,0,0,1520,1520,5,5,Semi-Furnished,East,Hyder Nagar,75
2,2,2,0,1064,1064,4,5,Semi-Furnished,West,Hyder Shah Kote,38
3,3,2,1,1450,1350,2,4,Semi-Furnished,West,Hyder Shah Kote,58
3,3,0,1,1800,1750,5,5,Furnished,East,Hyder Shah Kote,75
2,2,2,1,1271,1171,2,5,Unfurnished,East,Hydershakote,44.5
3,2,2,0,1091,858,3,5,Unfurnished,West,Hydershakote,42
2,2,0,0,750,750,3,3,Semi-Furnished,North - East,IDPL Colony,30
3,2,0,0,850,800,2,3,Unfurnished,East,Injapur,31
2,2,0,0,1200,1200,2,6,Unfurnished,East,Isnapur,44.5
2,2,0,0,1210,1000,3,5,Unfurnished,West,Isnapur,45.3
2,2,0,0,1210,1210,3,5,Unfurnished,East,Isnapur,41.5
2,2,0,0,1210,1210,4,5,Unfurnished,West,Isnapur,40.8
2,2,0,0,1214,1214,2,5,Unfurnished,East,Isnapur,36.4
2,2,2,0,1210,968,3,5,Unfurnished,East,Isnapur,36.3
2,2,0,0,1200,1000,4,4,Furnished,East,Jai Jawahar Nagar,38
2,2,0,0,1000,900,3,4,Unfurnished,West,Jawahar Nagar-Chikkadpally,48
3,2,2,1,1475,1475,1,5,Semi-Furnished,East,Jawahar Nagar-Kavadiguda,75
3,3,2,1,1465,1365,2,5,Semi-Furnished,West,Jaya Nagar,68.9
2,2,0,0,1210,910,2,5,Unfurnished,East,Jayaprakash Narayan Nagar,51.8
2,2,2,1,1280,1280,1,4,Furnished,East,Jayaprakash Narayan Nagar,68
2,2,0,0,750,750,3,3,Semi-Furnished,East,Jeedimetla,27
3,2,0,1,1317,1290,2,5,Unfurnished,North - East,Jeedimetla,55
2,2,0,1,1080,1080,1,3,Semi-Furnished,North,Jubilee Hills,75
2,2,2,1,1040,880,3,5,Unfurnished,East,K P H B Phase 5,65
2,2,0,0,1100,1000,1,3,Semi-Furnished,North,Kachiguda,51
2,2,0,0,800,700,3,4,Unfurnished,North,Kachiguda,32
2,2,2,0,880,750,3,4,Furnished,South -West,Kachiguda,45
2,2,0,0,1100,1100,2,5,Unfurnished,West,Kailash Hills,44
2,2,2,0,840,650,5,5,Unfurnished,South - East,Kailash Hills,42
3,3,3,1,1624,1300,1,5,Semi-Furnished,East,Kailash Hills,60
2,2,0,0,840,840,3,3,Semi-Furnished,East,Kailash Nagar,35
2,2,0,1,1250,900,1,5,Unfurnished,East,Kakatiya Hills,50
2,2,0,0,650,600,3,4,Semi-Furnished,East,Kalimandir,24
2,2,0,0,1108,950,4,5,Semi-Furnished,West,Kapra,46
2,2,0,0,1240,1240,2,5,Furnished,East,Kapra,60
2,2,0,1,1050,1050,2,5,Semi-Furnished,East,Kapra,42
2,2,0,1,1200,1000,2,5,Unfurnished,East,Kapra,48
3,3,0,1,1730,1500,2,5,Unfurnished,West,Kapra,60
2,2,2,0,1245,1245,3,5,Unfurnished,East,Katedan Industrial Area,50
2,2,2,0,1335,1335,9,12,Unfurnished,West,Khaja Guda,71.2
2,2,2,0,1090,985,5,6,Unfurnished,East,Khizra Enclave,36.5
2,2,0,0,1150,1000,5,6,Unfurnished,North,King Koti,32
2,2,0,1,1000,1000,2,9,Unfurnished,East,Kistareddypet,25
2,2,0,1,1100,900,1,9,Semi-Furnished,East,Kistareddypet,27.5
2,2,0,1,1100,900,1,9,Semi-Furnished,West,Kistareddypet,27.5
2,2,2,1,1100,900,5,10,Unfurnished,East,Kistareddypet,22.5
2,2,3,1,1289,1050,3,10,Unfurnished,East,Kistareddypet,38.7
3,2,0,1,1400,1200,1,9,Semi-Furnished,East,Kistareddypet,35
3,2,0,1,1400,1200,1,9,Semi-Furnished,East,Kistareddypet,35
2,2,0,0,1250,1250,2,9,Unfurnished,East,Kokapet,78
2,2,0,0,1254,1254,5,6,Unfurnished,West,Kokapet,62.7
2,2,0,0,1307,1307,2,5,Unfurnished,West,Kokapet,75.4
2,2,0,0,1307,1307,4,6,Unfurnished,West,Kokapet,65.4
2,2,0,0,1370,1370,7,7,Unfurnished,North,Kokapet,75.3
2,2,0,1,1235,810,1,5,Unfurnished,West,Kokapet,67
2,2,0,1,1254,1254,4,6,Unfurnished,East,Kokapet,62.7
2,2,2,1,1295,1295,0,8,Unfurnished,North,Kokapet,64.1
2,2,3,1,1270,1270,7,12,Unfurnished,East,Kokapet,78.1
3,3,0,0,1507,1507,3,6,Unfurnished,North,Kokapet,75.4
2,2,0,0,1250,1250,10,15,Semi-Furnished,East,Kollur,42.5
2,2,0,0,1260,995,2,5,Unfurnished,North,Kollur,57.3
2,2,0,1,1250,1250,0,14,Unfurnished,East,Kollur,52
2,2,0,1,1250,1250,1,14,Unfurnished,East,Kollur,33.7
2,2,0,1,1260,1260,1,5,Unfurnished,East,Kollur,44.1
2,2,2,0,1250,1250,2,15,Unfurnished,North - East,Kollur,45
2,2,2,1,1285,1035,5,11,Unfurnished,East,Kollur,27.6
3,3,0,0,1530,1450,3,5,Unfurnished,West,Kollur,53.6
3,3,0,1,1545,1545,1,5,Unfurnished,East,Kollur,54.1
3,3,2,0,1610,1550,2,5,Unfurnished,North,Kollur,71
3,3,0,0,1640,1640,1,5,Unfurnished,East,Kollur,57.4
3,3,2,1,1800,1800,5,14,Unfurnished,East,Kollur,27
3,3,2,1,1800,1800,5,14,Unfurnished,East,Kollur,27
3,3,2,1,1800,1800,5,14,Unfurnished,East,Kollur,27
3,3,2,0,2110,2030,3,5,Unfurnished,East,Kollur,73.9
2,2,0,0,1000,1000,1,5,Semi-Furnished,East,Kompally,36
2,2,0,0,1100,935,3,5,Semi-Furnished,North - East,Kompally,45
2,2,0,0,1150,1050,0,6,Unfurnished,North - East,Kompally,29.9
2,2,0,0,1190,952,4,6,Unfurnished,East,Kompally,32.1
2,2,0,0,1199,1199,4,11,Unfurnished,East,Kompally,47
2,2,0,0,1275,1275,3,5,Unfurnished,North - East,Kompally,60
2,2,0,1,1025,1025,5,5,Unfurnished,East,Kompally,52
2,2,0,1,1025,850,2,5,Unfurnished,West,Kompally,27
2,2,0,1,1150,950,2,6,Unfurnished,East,Kompally,30
2,2,2,0,1400,1265,1,5,Unfurnished,East,Kompally,55.6
2,2,2,0,720,720,5,5,Unfurnished,West,Kompally,39
2,2,2,1,1080,910,3,9,Unfurnished,East,Kompally,43.2
2,2,2,1,1157,1000,0,5,Semi-Furnished,East,Kompally,48
2,2,2,1,1199,1199,0,0,Unfurnished,East,Kompally,42
2,2,2,1,1225,856,5,9,Unfurnished,East,Kompally,49
3,3,0,1,1100,1100,8,10,Unfurnished,East,Kompally,71
3,2,2,0,1190,1190,4,5,Unfurnished,West,Kompally,65
3,3,2,1,1310,1050,3,5,Unfurnished,East,Kompally,35
3,2,3,0,1500,1400,2,8,Unfurnished,West,Kompally,75
3,3,2,0,1650,1500,1,5,Semi-Furnished,East,Kompally,72
3,3,3,0,1692,1600,5,5,Unfurnished,East,Kompally,70
3,3,3,0,1696,1200,4,9,Unfurnished,East,Kompally,67.8
3,3,3,0,1718,1600,5,5,Semi-Furnished,West,Kompally,75
3,2,0,0,1812,1812,3,5,Unfurnished,East,Kompally,69
3,3,0,1,1857,1857,5,11,Unfurnished,East,Kompally,70
3,3,3,1,1907,1907,2,5,Semi-Furnished,East,Kompally,70.6
2,2,0,0,1040,1040,5,5,Unfurnished,West,Kondapur,66
2,2,0,0,1110,1110,4,5,Unfurnished,North,Kondapur,67
2,2,0,0,1200,1100,6,6,Unfurnished,East,Kondapur,62
2,2,0,0,1235,1135,1,5,Semi-Furnished,West,Kondapur,74.1
2,2,0,0,1290,1290,8,24,Unfurnished,East,Kondapur,79.9
2,2,0,1,1050,1000,4,4,Unfurnished,North - East,Kondapur,63
2,2,0,1,1150,1150,3,5,Unfurnished,East,Kondapur,71
2,2,0,1,1225,919,2,5,Semi-Furnished,East,Kondapur,73.5
2,2,2,0,1245,1245,2,5,Unfurnished,North,Kondapur,75
2,2,2,1,1140,1080,1,5,Unfurnished,West,Kondapur,65
2,2,2,1,1360,1000,5,9,Unfurnished,East,Kondapur,70
2,2,3,0,1230,1230,1,5,Semi-Furnished,East,Kondapur,80
3,3,2,1,1284,1284,1,6,Furnished,West,Kondapur,77
3,2,0,0,1222,1122,1,5,Unfurnished,East,Kondapur,73
3,3,2,1,1284,1284,1,6,Furnished,West,Kondapur,77
3,3,2,0,1425,1325,2,3,Unfurnished,East,Kondapur,69
3,3,2,0,1460,1095,2,5,Unfurnished,East,Kondapur,73.9
3,3,0,1,1460,1095,2,5,Unfurnished,North,Kondapur,73.9
3,2,2,1,1550,1450,3,5,Unfurnished,West,Kondapur,76
2,2,2,1,1200,1150,2,4,Unfurnished,East,Kothaguda,65
2,2,0,1,750,700,3,3,Unfurnished,East,Kothapet,28
2,2,2,0,1050,1000,1,4,Semi-Furnished,North - East,Kothapet,45
2,2,2,0,1050,1050,2,5,Unfurnished,East,Kothapet,37
2,2,2,1,1100,1000,3,5,Unfurnished,North,Kothapet,60
3,3,2,1,1430,1200,5,5,Furnished,West,Kothapet,69
3,3,0,0,1450,1450,5,5,Semi-Furnished,West,Kothapet,65
3,3,0,1,1500,1425,1,5,Furnished,North,Kothapet,75
2,2,0,0,1000,1000,2,3,Unfurnished,North,KPHB Road,54
2,2,0,0,1150,1150,2,5,Furnished,East,KPHB Road,55
3,3,2,0,1450,1350,5,5,Unfurnished,East,KPHB Road,65.3
3,3,2,0,1525,1525,4,5,Furnished,East,KPHB Road,52
2,2,0,0,1200,1100,3,5,Unfurnished,East,Krishna Reddy Pet,40
2,2,0,1,1050,1000,2,3,Unfurnished,East,Krishna Reddy Pet,37.8
2,2,0,1,1190,1050,0,5,Unfurnished,North,Krishnaja Hills,45.2
2,2,0,1,1240,1050,1,5,Unfurnished,East,Krishnaja Hills,47.1
2,2,0,0,1030,930,2,5,Unfurnished,East,Kukatpally,39.5
2,2,0,0,1045,900,3,5,Unfurnished,North,Kukatpally,55
2,2,0,0,1080,980,1,6,Unfurnished,East,Kukatpally,52.9
2,2,0,0,1090,818,1,5,Unfurnished,West,Kukatpally,53.4
2,2,0,0,1150,1050,0,5,Unfurnished,East,Kukatpally,41
2,2,0,0,1150,1100,5,5,Unfurnished,East,Kukatpally,80
2,2,0,0,1160,1000,5,5,Semi-Furnished,North,Kukatpally,67
2,2,0,0,1195,1195,1,5,Semi-Furnished,West,Kukatpally,67
2,2,0,0,1230,984,4,5,Unfurnished,West,Kukatpally,60.3
2,2,0,1,1000,1000,1,5,Furnished,West,Kukatpally,56
2,2,0,1,1075,950,1,4,Unfurnished,East,Kukatpally,53
2,2,0,1,1205,1205,1,25,Unfurnished,East,Kukatpally,30
2,2,0,1,1300,1270,4,5,Unfurnished,West,Kukatpally,63
2,2,2,0,1050,950,5,5,Unfurnished,West,Kukatpally,60
2,2,2,0,1122,1122,4,5,Semi-Furnished,West,Kukatpally,72
2,2,2,0,1125,1025,5,5,Furnished,West,Kukatpally,75
2,2,2,0,1130,1130,2,7,Unfurnished,West,Kukatpally,59.6
2,2,2,1,1128,1028,2,5,Unfurnished,East,Kukatpally,65
2,2,2,1,1250,1100,4,4,Furnished,East,Kukatpally,65
2,2,3,0,1200,1200,1,3,Unfurnished,East,Kukatpally,40
3,3,2,0,1270,1170,1,3,Semi-Furnished,East,Kukatpally,59.9
3,3,2,0,1270,1170,1,3,Semi-Furnished,East,Kukatpally,59.9
3,3,0,0,1450,1350,3,3,Unfurnished,West,Kukatpally,75
3,2,2,1,1455,1200,1,5,Unfurnished,East,Kukatpally,74
3,3,3,1,1900,1700,3,4,Furnished,North,Kukatpally,70
3,3,3,1,1900,1900,3,4,Furnished,North,Kukatpally,65
3,3,0,0,1933,1933,5,9,Unfurnished,West,Kukatpally,63
3,3,0,1,1933,1480,5,10,Unfurnished,West,Kukatpally,68
3,3,2,1,1933,1833,5,10,Unfurnished,West,Kukatpally,68
3,3,0,1,1450,1450,2,5,Semi-Furnished,East,Kukatpally Housing Board Colony,75
2,2,2,1,1100,1000,2,4,Unfurnished,East,Kushaiguda,45
2,2,0,0,1150,1000,1,4,Unfurnished,North,Lakdikapul,34
3,2,0,1,1350,1333,3,4,Unfurnished,East,Lalaguda-Malkajgiri,55
1,1,0,1,650,600,0,3,Semi-Furnished,North,Lalitha Nagar-Adikmet,20
2,2,0,1,1470,1200,2,5,Unfurnished,East,Langar Houz,55.9
2,1,0,0,620,600,2,5,Unfurnished,West,LB Nagar,32
2,2,0,1,1000,975,3,3,Semi-Furnished,East,LB Nagar,38
2,3,2,0,1160,680,5,5,Semi-Furnished,North - East,LB Nagar,33
3,3,0,1,1300,1300,3,5,Unfurnished,East,LB Nagar,74
2,2,2,1,1130,1130,4,5,Unfurnished,North,Lingampally-Serilingampally,50.9
3,3,2,1,1450,1300,5,5,Unfurnished,West,Lingampally-Serilingampally,73.5
2,2,0,0,1140,855,4,5,Unfurnished,East,Machabollaram,42.2
2,2,0,0,1285,1285,4,5,Unfurnished,East,Madhapur,67
2,2,0,1,1250,1150,3,5,Unfurnished,West,Madhapur,55
3,2,0,0,1450,1200,3,5,Unfurnished,West,Madhapur,72
3,3,0,0,1500,1300,0,2,Unfurnished,East,Madhapur,80
3,3,0,0,1735,1735,1,3,Semi-Furnished,North - East,Madhapur,80
2,2,2,0,1274,1018,4,5,Unfurnished,West,Madhava Nagar Colony,70
2,2,0,0,737,737,0,0,Unfurnished,East,Madhava Reddy Colony,70
3,3,2,1,1615,1615,5,5,Furnished,North,Madhavapuri colony Sainikpuri,70
2,2,0,0,760,760,2,5,Unfurnished,East,Madhavi Nagar,25
2,2,0,0,1000,1000,2,5,Unfurnished,East,Madhura Nagar-Nizampet,36
2,2,0,0,1250,1250,0,3,Unfurnished,North,Madhura Nagar-Nizampet,53.8
2,2,2,0,1125,1025,3,4,Furnished,West,Madhura Nagar-Nizampet,48
2,2,2,1,1200,1100,5,5,Unfurnished,East,Madhura Nagar-Nizampet,36
2,2,0,0,1010,990,2,5,Unfurnished,North,Madinaguda,55
2,2,0,0,1050,950,0,9,Furnished,West,Madinaguda,55
2,2,0,0,1230,1100,4,5,Unfurnished,East,Madinaguda,65
2,2,0,1,1217,1217,1,5,Semi-Furnished,East,Madinaguda,70.2
2,2,0,1,1217,974,2,2,Unfurnished,North - East,Madinaguda,70.2
2,2,2,0,1050,1050,4,5,Unfurnished,North - West,Madinaguda,58
2,2,2,0,1115,892,5,5,Unfurnished,West,Madinaguda,61
2,2,2,0,1116,892,5,5,Unfurnished,East,Madinaguda,61.4
2,2,2,0,850,850,3,3,Furnished,West,Madinaguda,48
3,3,2,1,1510,1200,2,4,Unfurnished,North,Madinaguda,68
2,2,0,0,804,804,1,3,Unfurnished,West,Malakpet,36
2,2,2,0,1075,900,1,3,Semi-Furnished,East,Malakpet,48
3,3,3,1,1581,1501,4,5,Semi-Furnished,North,Malakpet,71.1
2,2,0,0,1070,1000,1,5,Unfurnished,East,Mallampet,35
2,2,2,0,1100,1100,3,5,Unfurnished,East,Mallampet,32.5
2,2,2,1,1000,1000,1,9,Unfurnished,East,Mallampet,26.1
2,2,2,1,1400,1000,0,9,Unfurnished,East,Mallampet,26.1
2,3,3,1,1800,1500,2,5,Unfurnished,East,Mallampet,75.1
3,3,0,1,1645,1500,3,9,Unfurnished,East,Mallapur,76.5
3,2,0,0,65,65,2,2,Unfurnished,East,Mallapur-Balapur,30
2,2,2,0,1100,1100,1,3,Unfurnished,East,Mallepally,40
2,2,0,1,1287,1029,4,5,Unfurnished,East,Mamatha Nagar Colony,61.4
2,2,0,1,1425,1425,2,6,Unfurnished,East,Manchirevula,65.6
2,2,2,0,1150,1150,3,5,Unfurnished,West,Manchirevula,40.5
2,2,2,0,1425,1425,0,0,Unfurnished,East,Manchirevula,62.7
1,1,0,0,465,300,5,6,Unfurnished,West,Manikonda,28
1,1,0,0,465,425,1,5,Unfurnished,East,Manikonda,26.5
1,1,0,0,465,465,2,5,Unfurnished,East,Manikonda,23
2,2,0,0,1063,1063,2,4,Unfurnished,East,Manikonda,39
2,2,0,0,1120,1000,1,5,Semi-Furnished,East,Manikonda,38
2,2,0,0,1180,1120,0,4,Unfurnished,North - East,Manikonda,50
2,2,0,0,1280,1280,2,5,Unfurnished,East,Manikonda,68
2,2,0,1,1150,1000,2,5,Unfurnished,East,Manikonda,55
2,2,0,1,1182,1182,3,5,Unfurnished,East,Manikonda,49.6
2,2,0,1,1200,1200,3,4,Unfurnished,East,Manikonda,51.9
2,2,0,1,1215,1150,3,5,Unfurnished,West,Manikonda,58.4
2,2,0,1,1250,1150,3,5,Unfurnished,East,Manikonda,53.2
2,2,2,0,1000,900,2,4,Semi-Furnished,East,Manikonda,35
2,2,2,0,1050,1050,2,3,Unfurnished,North - East,Manikonda,48
2,2,2,0,1100,1100,5,6,Unfurnished,South,Manikonda,38.5
2,2,2,0,1200,1100,0,5,Semi-Furnished,South,Manikonda,40
2,2,2,0,1230,1000,3,4,Semi-Furnished,East,Manikonda,61.5
2,2,2,0,1240,1140,2,4,Unfurnished,East,Manikonda,46
2,2,2,0,1280,1150,5,5,Unfurnished,East,Manikonda,59
2,2,2,1,1160,1160,2,4,Unfurnished,North - East,Manikonda,48
2,2,2,1,1180,1180,2,5,Semi-Furnished,East,Manikonda,49.6
2,2,2,1,1180,1180,4,5,Furnished,East,Manikonda,60
2,2,3,0,1300,1200,5,5,Semi-Furnished,North,Manikonda,49.9
3,3,0,0,1575,1300,1,5,Unfurnished,West,Manikonda,59
3,2,2,1,1613,1298,1,5,Unfurnished,South,Manikonda,66
3,3,2,1,1620,1620,1,5,Unfurnished,East,Manikonda,67
3,3,2,1,1620,1343,1,5,Unfurnished,North,Manikonda,78
3,3,3,1,1640,1640,1,4,Unfurnished,North - East,Manikonda,73.8
3,3,2,1,1650,1300,1,5,Semi-Furnished,East,Manikonda,76
3,3,2,1,1710,1610,5,5,Unfurnished,West,Manikonda,80
2,2,0,0,1200,1200,1,5,Unfurnished,North,Manikonda balajinagar colony,52
2,2,2,0,1282,1000,4,5,Furnished,North - West,Mansoorabad,76
2,3,2,1,1360,1100,5,5,Unfurnished,East,Mansoorabad,65
2,2,0,0,1500,1250,0,3,Semi-Furnished,East,Marredpally,80
2,2,0,0,1000,900,2,4,Unfurnished,East,Maruthi Nagar-Dr A.S. Rao Nagar,39
2,2,0,0,1080,900,2,2,Unfurnished,East,Maruthi Nagar-Kothapet,30
2,2,2,1,1050,1050,1,4,Unfurnished,West,Maruthi Nagar-Peerzadiguda,29.5
2,2,0,0,1100,868,4,5,Semi-Furnished,East,Masjid Banda,56.5
2,2,0,1,1010,1010,3,3,Unfurnished,North,Masjid Banda,55
2,2,0,0,1198,900,2,4,Unfurnished,South,Matrusri Nagar,65.3
3,2,2,1,1245,1080,3,5,Unfurnished,South - East,Mayur Marg,60
2,2,0,0,1170,1089,4,5,Unfurnished,North,Mayuri Nagar,55.5
2,2,0,1,1240,1100,2,5,Semi-Furnished,East,Mayuri Nagar,47.1
2,2,0,1,1268,1168,1,4,Unfurnished,North,Mayuri Nagar,44
2,2,2,0,1075,1075,2,5,Unfurnished,East,Mayuri Nagar,50
2,2,2,0,1095,1095,1,5,Unfurnished,East,Mayuri Nagar,65
2,2,2,1,1300,1300,1,5,Unfurnished,East,Medchal,42
2,2,0,0,860,850,3,4,Unfurnished,East,Medipally,25
2,2,0,0,890,790,3,3,Unfurnished,North - East,Medipally,30
2,2,2,1,1190,1190,2,5,Unfurnished,North - East,Medipally,43
3,3,2,1,1604,1285,5,5,Semi-Furnished,East,Medipally,64
3,3,2,1,1707,1365,2,5,Semi-Furnished,North,Medipally,66
2,2,0,0,1050,956,1,3,Unfurnished,West,Meerpet,40
2,2,0,1,1130,1130,2,5,Unfurnished,East,Meerpet,48
2,2,2,0,1160,1160,1,5,Unfurnished,East,Meerpet,49.4
2,2,2,0,645,645,0,5,Unfurnished,West,Meerpet,20
2,2,0,0,760,760,3,3,Unfurnished,West,Mehdipatnam,25.5
3,2,0,0,2400,1400,0,5,Semi-Furnished,West,Mehdipatnam,78
2,2,0,0,850,750,1,4,Semi-Furnished,East,Mettuguda,35
2,2,2,0,1100,1000,0,5,Unfurnished,East,Mithila Nagar-Banjara Hills,78
1,1,0,0,600,600,2,4,Unfurnished,North - East,Miyapur,23.5
1,3,2,1,1555,1193,4,5,Unfurnished,West,Miyapur,75
2,1,2,0,780,780,3,4,Unfurnished,North,Miyapur,25
2,2,0,0,1000,1000,2,3,Unfurnished,East,Miyapur,39.8
2,2,0,0,1100,1100,4,15,Semi-Furnished,East,Miyapur,32
2,2,0,0,1120,1020,1,4,Unfurnished,East,Miyapur,46
2,2,0,0,1145,1128,4,4,Unfurnished,East,Miyapur,55
2,2,0,0,1153,917,1,5,Unfurnished,West,Miyapur,65
2,2,0,0,1180,1180,2,5,Unfurnished,East,Miyapur,58
2,2,0,0,1205,920,8,32,Unfurnished,East,Miyapur,30.1
2,2,0,0,600,500,3,5,Unfurnished,East,Miyapur,25
2,2,0,0,850,850,5,5,Unfurnished,East,Miyapur,28.5
2,2,0,0,861,615,8,15,Unfurnished,North,Miyapur,36.2
2,2,0,1,1070,960,2,4,Furnished,East,Miyapur,48
2,2,0,1,1160,300,0,5,Unfurnished,East,Miyapur,56
2,2,0,1,1192,1192,2,14,Unfurnished,East,Miyapur,65.5
2,2,0,1,1200,1000,1,4,Unfurnished,East,Miyapur,44.4
2,2,0,1,1200,1050,1,5,Semi-Furnished,East,Miyapur,45.6
2,2,0,1,1200,1050,2,4,Unfurnished,North - East,Miyapur,45.6
2,2,0,1,1200,1100,1,4,Unfurnished,East,Miyapur,44.4
2,2,0,1,1200,1100,1,5,Unfurnished,East,Miyapur,45.6
2,2,0,1,1240,1140,1,5,Unfurnished,East,Miyapur,47.1
2,2,2,0,1065,1065,1,5,Semi-Furnished,East,Miyapur,52
2,2,2,0,1100,880,1,5,Unfurnished,East,Miyapur,49
2,2,2,0,1175,1175,3,5,Semi-Furnished,East,Miyapur,55
2,2,2,0,1220,1120,1,5,Semi-Furnished,East,Miyapur,52.5
2,2,2,0,1250,1150,1,6,Unfurnished,East,Miyapur,51.3
2,2,2,0,755,740,4,5,Unfurnished,West,Miyapur,36
2,2,2,0,800,750,1,2,Semi-Furnished,West,Miyapur,30
2,2,2,1,1080,1000,1,3,Unfurnished,East,Miyapur,40.5
2,2,2,1,1080,1080,1,5,Unfurnished,East,Miyapur,45.4
2,2,2,1,1080,1080,5,5,Unfurnished,North,Miyapur,60
2,2,2,1,1150,1150,4,5,Unfurnished,East,Miyapur,63
3,2,0,0,1269,1269,0,0,Unfurnished,East,Miyapur,66
3,2,0,0,1278,1278,0,0,Unfurnished,West,Miyapur,66.5
3,3,0,0,1215,1215,1,1,Unfurnished,West,Miyapur,66.8
3,3,0,0,1229,1229,1,1,Unfurnished,West,Miyapur,67.6
3,2,0,0,1269,1269,0,0,Unfurnished,East,Miyapur,69.8
3,2,0,0,1278,1278,0,0,Unfurnished,West,Miyapur,70.3
3,2,0,0,1316,1316,1,1,Unfurnished,East,Miyapur,72.4
3,2,0,0,1385,1385,1,1,Unfurnished,East,Miyapur,76.2
3,3,0,0,1436,1436,1,1,Unfurnished,West,Miyapur,79
3,3,0,1,1475,1475,5,5,Semi-Furnished,North,Miyapur,79.7
3,2,0,1,1475,1475,1,5,Semi-Furnished,East,Miyapur,79.7
3,3,0,0,1475,1475,4,5,Semi-Furnished,East,Miyapur,79.7
3,3,2,1,1560,1560,2,5,Unfurnished,East,Miyapur,74.9
3,3,0,1,1600,1450,0,4,Unfurnished,North,Miyapur,60.8
3,3,2,1,1650,1450,2,5,Unfurnished,North,Miyapur,62.7
2,2,0,0,800,750,3,3,Semi-Furnished,South,Mohan Nagar,32
2,2,0,0,1132,860,2,4,Unfurnished,North - East,Mohan Nagar Kothapet,56
2,2,2,1,810,800,3,5,Unfurnished,North,Moosapet,42
3,2,2,1,1320,1220,3,5,Semi-Furnished,North - East,Moosapet,50
2,2,0,0,850,750,1,5,Semi-Furnished,West,Moti Nagar,48
3,3,0,1,1250,1250,3,6,Unfurnished,West,Moti Nagar,69
3,3,2,0,1125,1025,4,5,Unfurnished,East,Moti Nagar,66
3,3,0,1,1250,1250,3,6,Unfurnished,West,Moti Nagar,69
2,2,2,1,1170,1100,2,5,Unfurnished,North - East,Muppas Panchavati Colony,47
3,3,2,1,1700,1500,3,4,Semi-Furnished,East,Muppas Panchavati Colony,76
2,2,0,0,750,750,0,3,Unfurnished,East,Musheerabad,35
3,2,2,1,1350,1350,0,4,Semi-Furnished,North - East,Mythri Nagar,65
2,2,0,0,1180,885,5,12,Unfurnished,West,Nacharam,54.9
2,2,0,0,700,650,1,4,Unfurnished,West,Nacharam,20
2,2,2,0,1160,950,0,4,Unfurnished,South,Nacharam,67
3,2,0,0,1425,1069,5,12,Unfurnished,East,Nacharam,65.3
3,3,2,0,1430,1430,4,12,Unfurnished,East,Nacharam,55.8
2,2,0,0,1022,950,0,5,Semi-Furnished,East,Nagaram,35
2,2,2,1,1200,1200,1,4,Unfurnished,East,Nagaram,36
2,2,0,0,1075,950,5,5,Unfurnished,East,Nagaram-Secunderabad,31.5
2,2,0,1,850,850,2,4,Semi-Furnished,East,Nagaram-Secunderabad,35
3,3,0,1,1698,1548,4,4,Semi-Furnished,West,Nagarjuna Nagar,61.1
1,1,0,0,510,470,1,3,Furnished,East,Nagole,26
2,2,0,0,1270,1270,5,5,Unfurnished,East,Nagole,62
2,2,0,1,1200,1000,2,5,Unfurnished,West,Nagole,55
2,2,2,0,1200,1000,2,5,Unfurnished,West,Nagole,48
2,2,2,1,1184,1000,5,5,Unfurnished,West,Nagole,60
3,3,2,0,1460,1360,5,5,Semi-Furnished,East,Nagole,58
3,3,2,1,1502,1400,2,4,Unfurnished,West,Nagole,65
3,3,2,1,1590,1500,4,5,Unfurnished,East,Nagole,73
3,3,2,0,1400,1200,1,5,Furnished,East,Nalanda Nagar,65
2,2,0,0,1265,826,8,14,Unfurnished,East,Nallagandla,75.6
2,2,0,0,1270,825,10,15,Unfurnished,East,Nallagandla,64.8
2,2,0,0,1270,835,10,15,Unfurnished,West,Nallagandla,63.5
2,2,0,0,1275,1275,0,0,Unfurnished,East,Nallagandla,76.5
2,2,0,1,1245,1245,1,1,Unfurnished,West,Nallagandla,80
2,2,2,0,1245,1245,9,9,Semi-Furnished,East,Nallagandla,80
2,2,2,0,1245,996,9,9,Unfurnished,West,Nallagandla,80
2,2,2,1,1245,1100,7,7,Unfurnished,West,Nallagandla,68
3,2,0,0,1511,1016,10,15,Unfurnished,West,Nallagandla,75.5
3,2,0,0,1511,1016,10,15,Unfurnished,West,Nallagandla,75.5
3,3,2,0,1553,1553,2,2,Unfurnished,West,Nallagandla,90
3,3,0,1,1600,1200,3,5,Unfurnished,North,Nallagandla,79.5
3,3,0,0,1650,1320,0,0,Unfurnished,North,Nallagandla,77.3
2,2,0,0,1000,920,1,5,Unfurnished,East,Nanal nagar,45
3,3,2,0,1500,1500,2,4,Unfurnished,North - West,Nanal nagar,62
3,3,2,0,1400,1320,5,5,Semi-Furnished,West,Narayanguda,80
3,3,0,0,1600,1500,4,5,Semi-Furnished,North,Narayanguda,80
2,2,0,0,1094,890,3,5,Unfurnished,West,Narsingi,50.2
2,2,0,0,1158,950,3,5,Semi-Furnished,East,Narsingi,52.1
2,2,0,0,1200,1200,1,5,Unfurnished,West,Narsingi,62.4
2,2,0,0,1373,950,8,14,Unfurnished,East,Narsingi,71.3
2,2,0,0,1374,1075,3,5,Furnished,East,Narsingi,62.5
2,2,0,1,1235,1100,2,3,Unfurnished,West,Narsingi,47
2,2,0,1,1370,1250,1,4,Unfurnished,North,Narsingi,70
3,2,0,0,1420,1420,12,12,Unfurnished,West,Narsingi,78.1
3,3,2,0,1438,1438,3,5,Unfurnished,West,Narsingi,63.3
3,2,0,0,1457,1064,12,12,Unfurnished,West,Narsingi,80.1
3,2,0,0,1593,1163,12,12,Unfurnished,East,Narsingi,87.6
2,2,0,0,875,875,5,5,Semi-Furnished,West,Narsingi Service Road,55
2,2,2,0,1050,1000,5,6,Unfurnished,East,Navodaya Colony,42
2,2,0,0,1290,891,4,10,Unfurnished,North,near continental hospital,65.2
3,3,2,0,1579,1400,7,8,Unfurnished,East,Near Suchitra CIrcle,61.6
3,3,2,0,1579,1400,5,8,Unfurnished,East,Near Suchitra CIrcle,61.6
3,3,2,0,1775,1330,2,5,Unfurnished,East,Neknampur,77.9
2,2,0,0,1050,1000,1,4,Unfurnished,East,Neredmet,40
3,3,2,0,1500,1500,3,5,Unfurnished,East,New Allenby,51
2,2,0,0,1000,850,2,5,Semi-Furnished,North,New Nallakunta,32
2,2,0,0,1000,925,5,6,Semi-Furnished,North,New Nallakunta,75
2,2,0,0,1000,935,3,3,Semi-Furnished,East,New Nallakunta,50
2,2,0,0,1075,975,1,4,Semi-Furnished,East,Nizampet,55
2,2,0,0,1110,1110,1,4,Furnished,East,Nizampet,45
2,2,0,0,1215,1115,3,10,Unfurnished,East,Nizampet,66.4
2,2,0,0,1215,907,5,14,Unfurnished,East,Nizampet,59.5
2,2,0,0,1350,1250,4,10,Unfurnished,East,Nizampet,72.3
2,2,0,0,1350,1250,4,10,Unfurnished,West,Nizampet,71.6
2,2,0,1,1000,1000,2,3,Semi-Furnished,West,Nizampet,42
2,2,0,1,1061,961,2,5,Unfurnished,East,Nizampet,41.2
2,2,0,1,1100,1090,0,5,Unfurnished,North,Nizampet,40
2,2,0,1,1117,1017,3,5,Unfurnished,East,Nizampet,39.9
2,2,0,1,1170,1000,1,5,Unfurnished,East,Nizampet,45
2,2,0,1,1200,1200,0,0,Unfurnished,East,Nizampet,58.8
2,2,0,1,1210,1210,1,5,Unfurnished,North - East,Nizampet,46
2,2,0,1,1215,1115,4,10,Unfurnished,East,Nizampet,65.8
2,2,0,1,1248,1148,0,3,Unfurnished,East,Nizampet,36.5
2,2,0,1,1250,1250,0,0,Unfurnished,East,Nizampet,79.1
2,2,0,1,1350,1250,2,10,Unfurnished,East,Nizampet,73.6
2,2,2,0,1050,1000,1,4,Unfurnished,West,Nizampet,38
2,2,2,0,1070,856,2,5,Unfurnished,East,Nizampet,43.7
2,2,2,0,1125,950,3,3,Unfurnished,East,Nizampet,38
2,2,2,0,1150,1150,4,5,Unfurnished,North,Nizampet,43
2,2,2,0,1154,1154,3,4,Unfurnished,West,Nizampet,39
2,2,2,0,1265,1265,1,5,Unfurnished,East,Nizampet,60
2,2,2,0,850,1025,2,4,Semi-Furnished,West,Nizampet,35
2,2,2,1,1040,1040,0,5,Unfurnished,North - West,Nizampet,35
2,2,2,1,1200,1110,4,5,Unfurnished,East,Nizampet,34
2,2,2,1,1215,1100,1,5,Semi-Furnished,North,Nizampet,50
2,2,2,1,1220,1170,2,6,Unfurnished,East,Nizampet,50.6
2,2,2,1,1240,1240,3,4,Semi-Furnished,North,Nizampet,42
2,2,2,1,1250,1150,4,5,Unfurnished,East,Nizampet,40
2,2,2,1,1251,1151,4,5,Semi-Furnished,North - East,Nizampet,49.3
2,2,3,1,1077,1077,5,5,Semi-Furnished,East,Nizampet,45
3,2,0,0,1325,1225,2,5,Semi-Furnished,East,Nizampet,57
3,3,2,0,1326,1326,0,4,Unfurnished,North - East,Nizampet,43
3,2,2,0,1334,1334,2,5,Unfurnished,West,Nizampet,49.5
3,3,2,0,1418,1418,3,5,Unfurnished,West,Nizampet,42
3,3,0,1,1450,1320,2,5,Unfurnished,East,Nizampet,50
3,3,0,0,1475,1470,1,5,Unfurnished,North,Nizampet,51.5
3,3,2,1,1475,1275,4,4,Unfurnished,North,Nizampet,66
3,2,2,0,1475,1200,3,5,Semi-Furnished,East,Nizampet,48
3,3,2,1,1550,1450,2,5,Unfurnished,East,Nizampet,70
3,3,2,1,1560,1450,1,5,Unfurnished,East,Nizampet,54.6
3,3,0,0,1580,1480,3,4,Semi-Furnished,North,Nizampet,58
3,3,0,1,1600,1600,4,5,Unfurnished,East,Nizampet,72
3,3,0,1,1600,1500,4,5,Unfurnished,East,Nizampet,63.8
3,3,0,0,1650,1600,1,5,Furnished,East,Nizampet,55
3,3,2,1,1705,1705,3,5,Semi-Furnished,North - East,Nizampet,57
2,2,0,1,1200,1100,6,8,Semi-Furnished,North,nizampet road,45
2,2,0,0,1195,950,1,5,Unfurnished,East,None,50
2,2,2,0,1000,1000,2,4,Unfurnished,West,Old Bowenpally,42
2,2,0,0,1210,1050,6,6,Unfurnished,East,Old Malakpet,32
3,2,0,0,1307,1307,4,5,Unfurnished,North,Old Malakpet,65
2,2,2,1,1200,1200,4,5,Semi-Furnished,East,Old Nallakunta,65
2,2,0,0,1200,1060,2,3,Semi-Furnished,North,P S Rao Nagar,32
2,2,2,0,1100,1050,2,5,Unfurnished,East,Padmarao Nagar,55
2,2,0,0,1150,863,2,5,Unfurnished,East,Paparayudu Nager,56.4
2,2,0,0,1255,1004,4,5,Unfurnished,East,Paparayudu Nager,61.5
3,2,0,0,1435,1148,3,5,Unfurnished,East,Paparayudu Nager,70.3
3,3,0,0,1425,1425,5,5,Unfurnished,West,Papulguda,64
3,3,0,1,1800,1700,3,4,Semi-Furnished,East,Papulguda,59
2,2,0,0,1032,1032,3,5,Unfurnished,North,Patancheru,37
2,2,0,0,1200,1040,0,10,Unfurnished,East,Patancheru,30
2,2,0,0,847,604,2,3,Unfurnished,East,Patancheru,28.8
3,3,0,1,1388,1084,10,10,Unfurnished,East,Patancheru,55
1,1,0,0,623,623,2,3,Unfurnished,East,Patancheruvu,21.8
2,2,0,1,1300,1050,2,5,Unfurnished,East,Patancheruvu,37.1
2,2,2,1,1300,1000,2,5,Unfurnished,East,Patancheruvu,37.7
2,2,0,0,1350,1050,5,5,Unfurnished,South -West,Patighanpur,30
2,2,2,1,1300,1050,2,5,Unfurnished,East,Patighanpur,37.1
3,3,2,0,1396,958,4,8,Unfurnished,East,Pipe Line Road,54.4
3,3,2,0,1396,958,2,8,Unfurnished,East,Pipe Line Road,54.4
3,3,2,0,1643,1312,1,8,Unfurnished,East,Pipe Line Road,64.1
3,3,2,0,1643,1312,4,8,Unfurnished,West,Pipe Line Road,64.1
3,3,2,0,1643,1369,2,8,Unfurnished,East,pipe line road,64.1
3,3,2,0,1643,1369,4,8,Unfurnished,East,pipe line road,64.1
3,3,2,0,1643,1369,4,8,Unfurnished,East,pipe line road,64.1
3,3,2,0,1643,1369,5,8,Unfurnished,East,pipe line road,64.1
3,3,2,0,1643,1312,3,8,Unfurnished,West,Pipe Line Road,64.1
3,3,2,0,1643,1312,5,8,Unfurnished,West,Pipe Line Road,64.1
2,2,0,0,1250,1250,1,5,Semi-Furnished,East,Pocharam,41.5
2,2,0,0,1287,1287,5,18,Unfurnished,East,Pocharam,54.5
2,2,2,1,1012,750,2,2,Unfurnished,East,Pocharam,37.4
3,3,2,0,1408,1408,4,5,Semi-Furnished,East,Pocharam,46.3
2,1,0,1,1090,950,2,5,Unfurnished,West,Pragathi Nagar,43.6
2,2,0,0,1000,1000,3,4,Semi-Furnished,East,Pragathi Nagar,39
2,2,0,0,1000,850,5,5,Unfurnished,North,Pragathi Nagar,38
2,2,0,0,1020,1020,2,5,Unfurnished,North,Pragathi Nagar,45.5
2,2,0,0,1050,1050,1,4,Furnished,West,Pragathi Nagar,54.5
2,2,0,0,1050,1050,2,5,Unfurnished,North - East,Pragathi Nagar,42
2,2,0,0,1050,950,2,5,Unfurnished,East,Pragathi Nagar,47
2,2,0,0,1108,1108,4,5,Unfurnished,North - East,Pragathi Nagar,52
2,2,0,0,1120,1020,2,5,Semi-Furnished,North,Pragathi Nagar,41
2,2,0,0,1130,1130,3,4,Semi-Furnished,North,Pragathi Nagar,33
2,2,0,0,1135,1020,1,5,Unfurnished,West,Pragathi Nagar,44
2,2,0,0,1150,1150,2,4,Unfurnished,North - East,Pragathi Nagar,43.7
2,2,0,0,1176,1176,2,5,Furnished,East,Pragathi Nagar,44.7
2,2,0,0,1215,1135,1,5,Unfurnished,East,Pragathi Nagar,62
2,2,0,0,1230,1130,5,5,Unfurnished,North,Pragathi Nagar,55
2,2,0,1,1000,900,5,5,Unfurnished,East,Pragathi Nagar,40.5
2,2,0,1,1006,800,3,4,Unfurnished,East,Pragathi Nagar,41
2,2,0,1,1020,816,2,5,Unfurnished,West,Pragathi Nagar,45.5
2,2,0,1,1100,1000,3,5,Unfurnished,East,Pragathi Nagar,44
2,2,0,1,1100,825,1,4,Semi-Furnished,East,Pragathi Nagar,40.7
2,2,0,1,1100,825,4,4,Semi-Furnished,East,Pragathi Nagar,40.7
2,2,0,1,1100,950,3,5,Unfurnished,East,Pragathi Nagar,44
2,2,0,1,1125,1025,3,4,Unfurnished,West,Pragathi Nagar,46.5
2,2,0,1,1125,1125,3,4,Unfurnished,West,Pragathi Nagar,46.5
2,2,0,1,1144,1044,2,5,Unfurnished,West,Pragathi Nagar,47
2,2,0,1,1150,900,4,5,Unfurnished,East,Pragathi Nagar,45
2,2,0,1,1165,845,1,5,Unfurnished,East,Pragathi Nagar,51.3
2,2,0,1,1180,1080,2,5,Unfurnished,North - East,Pragathi Nagar,55.7
2,2,0,1,1200,1100,3,5,Unfurnished,East,Pragathi Nagar,47
2,2,0,1,1225,1100,2,4,Unfurnished,East,Pragathi Nagar,45
2,2,2,0,1020,1020,3,4,Unfurnished,East,Pragathi Nagar,38
2,2,2,0,1030,1030,3,5,Unfurnished,East,Pragathi Nagar,46
2,2,2,0,1050,1025,5,5,Unfurnished,West,Pragathi Nagar,31.5
2,2,2,0,1050,1050,3,4,Semi-Furnished,East,Pragathi Nagar,35
2,2,2,0,1050,950,4,5,Semi-Furnished,East,Pragathi Nagar,42
2,2,2,0,1070,980,1,4,Semi-Furnished,East,Pragathi Nagar,36
2,2,2,0,1115,1115,2,4,Unfurnished,East,Pragathi Nagar,43
2,2,2,0,1200,1100,2,4,Unfurnished,East,Pragathi Nagar,42
2,2,2,0,1200,1200,3,5,Semi-Furnished,North,Pragathi Nagar,40
2,2,2,0,1228,1080,4,4,Semi-Furnished,North,Pragathi Nagar,45
2,2,2,0,1228,1228,1,4,Unfurnished,North - East,Pragathi Nagar,43
2,2,2,1,1100,1100,2,4,Unfurnished,North - East,Pragathi Nagar,48
2,2,2,1,1100,300,1,5,Unfurnished,East,Pragathi Nagar,40
2,2,2,1,1200,950,2,4,Unfurnished,West,Pragathi Nagar,43.2
2,2,2,1,1300,1100,1,4,Unfurnished,North,Pragathi Nagar,55
2,2,3,0,1000,936,2,4,Unfurnished,East,Pragathi Nagar,35
3,2,3,0,1150,1050,0,4,Unfurnished,East,Pragathi Nagar,37
3,2,0,1,1300,1200,3,4,Unfurnished,East,Pragathi Nagar,52
3,2,0,1,1342,1242,3,4,Semi-Furnished,East,Pragathi Nagar,49
3,2,0,0,1355,1355,5,5,Semi-Furnished,West,Pragathi Nagar,45
3,2,2,1,1500,1400,3,4,Furnished,West,Pragathi Nagar,52
3,3,0,1,1500,1500,4,5,Unfurnished,North - East,Pragathi Nagar,50
3,3,2,1,1500,1200,2,4,Unfurnished,East,Pragathi Nagar,54
3,2,0,0,1500,1500,1,5,Semi-Furnished,East,Pragathi Nagar,65
3,3,2,0,1570,1570,3,4,Semi-Furnished,North,Pragathi Nagar,80
3,2,0,0,1650,1400,2,5,Unfurnished,East,Pragathi Nagar,70
3,3,0,1,1650,1350,0,4,Unfurnished,East,Pragathi Nagar,65.5
2,2,0,1,1100,1100,4,5,Unfurnished,North,Prakash Nagar,60
3,2,2,1,1400,1300,2,4,Unfurnished,East,Prakash Nagar,77
2,2,2,0,867,820,2,2,Semi-Furnished,East,Punjagutta,48
2,2,3,0,1425,1325,1,3,Semi-Furnished,West,Punjagutta,69
2,2,0,0,1055,800,4,5,Semi-Furnished,North,Puppalaguda,52
2,2,0,0,1055,800,4,5,Unfurnished,North,Puppalaguda,52
2,2,0,0,1220,1100,2,5,Furnished,North - East,Puppalaguda,50
2,2,0,0,1375,1375,3,5,Unfurnished,West,Puppalaguda,56
2,2,0,1,1172,980,4,5,Unfurnished,East,Puppalaguda,52.7
2,2,0,1,1214,1010,2,5,Semi-Furnished,East,Puppalaguda,57.5
2,2,0,1,1270,1200,0,5,Semi-Furnished,North,Puppalaguda,66
2,2,2,0,1200,1100,1,5,Semi-Furnished,West,Puppalaguda,70
2,2,2,0,1292,1292,0,6,Unfurnished,East,Puppalaguda,58.1
3,3,0,0,1410,1310,2,4,Unfurnished,East,Puppalaguda,60.5
3,3,2,1,1474,1475,1,4,Unfurnished,East,Puppalaguda,44
3,2,2,0,1584,1484,3,5,Semi-Furnished,West,Puppalaguda,70
3,3,0,0,1640,1300,3,5,Unfurnished,West,Puppalaguda,72.2
3,3,2,1,1719,1700,1,5,Unfurnished,East,Puppalaguda,77.4
3,3,0,0,1752,1752,3,5,Unfurnished,East,Puppalaguda,72
3,3,2,1,1820,1700,5,5,Semi-Furnished,East,Puppalaguda,73
2,2,0,0,1220,1120,2,4,Semi-Furnished,South,Quthbullapur,48.8
2,2,3,0,1110,890,9,9,Unfurnished,East,Quthbullapur,35
2,2,3,0,1500,1348,3,6,Unfurnished,East,Quthbullapur,57
3,3,2,1,1400,1400,0,0,Unfurnished,East,Quthbullapur Main Road,56
2,2,0,0,1195,960,3,5,Unfurnished,East,Raghavendra Nagar-Nacharam,53.5
2,2,0,1,1085,985,3,3,Unfurnished,North - East,Raghavendra Nagar-Nacharam,40
2,2,2,0,1100,1000,5,5,Unfurnished,West,Raj Bhawan Road,40
3,3,3,1,1400,1250,4,5,Semi-Furnished,East,Raj Bhawan Road,70
3,2,2,0,1377,1100,1,5,Unfurnished,East,Rajarajeshwari Nagar,74.9
3,2,2,1,1525,1525,5,5,Unfurnished,East,Rajarajeshwari Nagar,72.5
1,1,0,0,610,200,4,10,Semi-Furnished,East,Rajendra Nagar,30.9
1,1,0,0,610,480,6,11,Semi-Furnished,North,Rajendra Nagar,35
1,1,0,1,380,380,7,10,Unfurnished,East,Rajendra Nagar,26
1,1,0,1,613,613,6,10,Unfurnished,East,Rajendra Nagar,42
2,2,0,0,1000,780,6,10,Unfurnished,East,Rajendra Nagar,48
2,2,2,0,1100,930,4,10,Unfurnished,East,Rajendra Nagar,53
3,2,0,1,1047,1047,8,10,Unfurnished,East,Rajendra Nagar,62
3,2,0,0,1313,1200,4,5,Semi-Furnished,North,Rajendra Nagar,49
3,2,3,1,1315,886,6,10,Semi-Furnished,East,Rajendra Nagar,64
3,2,3,0,1315,886,6,10,Semi-Furnished,East,Rajendra Nagar,64
3,2,0,1,1315,1190,4,10,Semi-Furnished,East,Rajendra Nagar,65.1
3,3,0,0,1485,1485,1,5,Semi-Furnished,West,Rajendra Nagar,56
3,2,2,1,1675,1575,1,4,Semi-Furnished,North,Rajiv Gandhi Nagar Colony,62
1,1,0,0,720,720,6,6,Unfurnished,North,Rajivgandhi nagar nizampet,22.5
1,2,0,0,685,685,3,3,Semi-Furnished,North,Ram nagar,23
2,2,0,1,1095,995,0,0,Unfurnished,East,Ramachandra Puram,31.5
3,3,2,1,1550,1300,5,5,Unfurnished,West,Ramachandra Puram,77
2,2,0,1,1340,1240,2,5,Semi-Furnished,North - East,Ramanthapur,80
2,2,2,0,1150,1050,5,5,Semi-Furnished,East,Ramanthapur,52
2,2,3,0,1255,1175,3,3,Unfurnished,East,Ravindra Nagar,35
1,2,0,0,720,720,5,5,Unfurnished,West,Red Hills LAKDIKA PHOOL,28
2,2,2,1,1200,950,3,5,Unfurnished,East,Rhoda Mistri Nagar,54.5
2,2,0,0,700,650,3,3,Semi-Furnished,East,Safilguda,22
2,2,0,1,1045,1045,2,5,Semi-Furnished,East,Sahara Estate,45
3,3,3,0,1323,1223,2,5,Unfurnished,North - East,Sai Baba Nagar,54
2,2,0,0,1105,1005,5,5,Semi-Furnished,North - East,Sai Nagar-Peerzadiguda,55
2,2,0,0,770,670,3,5,Unfurnished,West,Sai Nagar-Quthbullapur,24
2,2,0,1,1120,1120,3,5,Unfurnished,North,Saidabad,62
3,2,2,1,1400,1300,1,5,Furnished,North - East,Saidabad,63
2,2,0,0,1175,1075,2,4,Unfurnished,East,Sainikpuri,54
2,2,0,0,1240,1340,12,14,Semi-Furnished,South,Sainikpuri,37
3,3,0,0,1100,1000,3,9,Unfurnished,East,Sainikpuri,43
3,3,0,0,1500,1500,0,0,Unfurnished,East,Sainikpuri,67.5
3,3,2,0,1522,1422,5,5,Unfurnished,West,Sainikpuri,48.5
3,3,2,0,1563,1563,2,5,Unfurnished,East,Sainikpuri,63
3,3,2,0,1568,1568,3,5,Unfurnished,North - East,Sainikpuri,65
3,3,0,0,1650,1500,1,6,Unfurnished,North,Sainikpuri,73
2,2,2,0,1300,1044,5,5,Unfurnished,West,Saket,37
3,2,0,0,1449,1249,2,5,Unfurnished,West,Saket,65
1,2,0,1,632,632,5,5,Unfurnished,South,Saleem Nagar,30
2,2,2,1,1392,1392,5,5,Unfurnished,East,Saleem Nagar,71
3,2,2,0,1325,1100,4,5,Unfurnished,West,Samata Colony,47
2,2,3,1,1225,1000,3,5,Unfurnished,East,Samatha Nagar,68
2,2,0,1,1211,1190,3,5,Unfurnished,North,Sanath Nagar,75.5
2,3,0,0,1000,900,0,4,Unfurnished,East,Sanath Nagar,55
1,1,0,1,512,512,3,5,Semi-Furnished,East,Sanjeeva Reddy Nagar,30
3,2,4,0,1250,1250,1,5,Semi-Furnished,North,Sanjeeva Reddy Nagar,69
3,2,3,0,1150,1050,4,5,Semi-Furnished,East,Sanjeeva Reddy Nagar,55
3,2,4,0,1250,1250,1,5,Semi-Furnished,North,Sanjeeva Reddy Nagar,69
3,2,2,0,1360,1250,1,5,Semi-Furnished,East,Santosh Nagar,65
3,2,2,0,2400,1160,4,5,Unfurnished,South - East,Santosh Nagar,46
2,2,0,0,760,700,3,3,Unfurnished,East,Santosh Nagar-Mehdipatnam,30
2,2,2,1,1155,950,5,6,Unfurnished,East,Saroornagar,58.4
3,3,2,1,1290,967,4,5,Unfurnished,West,Saroornagar,66.9
3,3,2,1,1500,1500,4,5,Unfurnished,West,Satyam Enclave,64.5
2,2,2,1,1100,900,2,3,Unfurnished,West,SBI Colony Mehdipatnam,60
1,1,0,0,700,650,0,2,Furnished,East,Secunderabad,38
2,2,0,0,1150,1150,3,5,Semi-Furnished,East,Secunderabad,30
2,2,0,1,1050,1000,2,3,Semi-Furnished,North,Secunderabad,32
2,2,0,1,850,800,3,4,Unfurnished,East,Secunderabad,36
2,2,2,0,850,750,1,5,Furnished,West,Secunderabad,28
3,3,2,1,1440,1440,2,5,Unfurnished,West,Secunderabad,67
2,2,0,0,810,740,1,5,Unfurnished,North,Serilingampally,32
2,2,2,0,1075,1075,1,4,Semi-Furnished,East,Serilingampally,50
2,2,2,0,1075,1075,1,4,Unfurnished,North - East,Serilingampally,50
3,2,0,0,1125,950,2,5,Unfurnished,North,Shaikpet,46.3
3,2,2,1,1800,1800,4,4,Unfurnished,East,Shaikpet,80
2,2,0,1,1135,200,3,5,Unfurnished,East,Shameerpet,20.4
3,3,2,0,1375,1260,2,4,Unfurnished,West,Shanti Nagar,65
2,2,0,1,1000,950,5,20,Semi-Furnished,East,Shanti Nagar Colony,22.5
3,3,0,1,1665,1400,1,5,Unfurnished,West,Shirdi Enclave-Yapral,68
2,2,0,1,1050,1050,3,5,Furnished,East,Shivam Rd,55
2,2,2,0,1100,1000,2,4,Furnished,East,Sindhi Colony,65
1,1,2,1,643,600,1,3,Furnished,East,Sitaphalmandi,27
2,2,0,0,775,700,1,3,Unfurnished,West,Sitaphalmandi,28
2,2,0,0,1243,1243,5,8,Semi-Furnished,North,Somajiguda,63
2,2,2,0,1060,1060,0,3,Unfurnished,West,Sri Krishna Nagar Colony,36
2,2,0,0,1035,795,4,4,Unfurnished,West,Sri Laxmi Nagar Colony-Manikonda,45
3,3,2,1,1520,1420,3,3,Semi-Furnished,East,Sri Nagar Colony,80
2,2,0,1,1130,1130,0,5,Unfurnished,West,Sri Ram Nagar Colony,52
2,2,2,0,1000,1000,2,4,Furnished,East,Sri Ramnagar - Block C,75
2,2,2,1,1150,1000,4,4,Semi-Furnished,East,Sri Ramnagar - Block C,65
2,2,2,1,1100,1100,3,3,Unfurnished,South - East,Subhash Nagar-Jeedimetla,50
2,2,0,0,1000,800,0,5,Unfurnished,East,Suchitra Circle,38
2,2,0,0,1251,939,2,4,Unfurnished,West,Suchitra Circle,52.5
2,2,0,1,1100,1100,1,5,Unfurnished,East,Suchitra Circle,56
2,2,0,1,1220,900,2,4,Unfurnished,South,Suchitra Circle,48.8
2,2,2,1,1080,980,1,5,Unfurnished,North - East,Suchitra Circle,46
2,2,2,1,1220,1250,5,5,Semi-Furnished,North,Suchitra Circle,37
3,3,2,0,1360,1100,2,5,Unfurnished,West,Suchitra Circle,70
3,2,2,0,1455,1200,3,5,Semi-Furnished,East,Suchitra Circle,60
2,2,0,0,1050,1030,4,5,Semi-Furnished,East,Sun City,35
2,2,2,1,1250,1050,2,5,Unfurnished,North,Sun City,45
3,2,0,0,1302,1100,3,4,Unfurnished,North,Sun City,49.9
3,3,2,1,1506,1506,3,5,Unfurnished,East,Sun City,59
3,2,2,0,1543,1453,1,4,Furnished,East,Sun City,45
3,2,2,0,1600,1500,3,4,Semi-Furnished,South -West,Sun City,80
3,3,0,0,2077,1900,2,4,Semi-Furnished,North - East,Sun City,80
2,2,0,0,1130,1130,1,4,Furnished,East,Suraram,45
2,2,0,1,1170,1135,1,5,Unfurnished,East,Taramatipet,20.4
2,2,0,0,1100,1000,2,3,Semi-Furnished,North,Tarnaka,66
3,2,2,0,1320,1320,4,4,Semi-Furnished,South - East,Tarnaka,72.6
3,3,0,1,1525,1530,3,5,Unfurnished,North,Tarnaka,74
2,2,2,1,1235,1235,5,5,Unfurnished,West,Teegala Kunta,58
3,2,2,0,1432,1201,6,30,Semi-Furnished,East,telalpur,79.6
2,2,0,0,1261,1009,5,9,Unfurnished,West,Tellapur,61.8
2,2,0,0,1261,1009,8,9,Unfurnished,West,Tellapur,61.8
2,2,0,0,1261,1261,3,9,Unfurnished,West,Tellapur,61.8
2,2,0,0,1261,1261,4,10,Semi-Furnished,East,Tellapur,61.8
2,2,0,0,1261,1261,5,10,Semi-Furnished,East,Tellapur,61.8
2,2,0,0,1261,1261,6,10,Semi-Furnished,East,Tellapur,61.8
2,2,0,0,1261,1261,7,10,Unfurnished,West,Tellapur,62
2,2,0,1,1261,1261,0,9,Unfurnished,East,Tellapur,61.7
2,2,0,1,1261,1261,5,9,Unfurnished,West,Tellapur,68.8
2,2,0,1,1261,1261,8,9,Unfurnished,West,Tellapur,61.8
2,2,2,0,1122,900,2,2,Semi-Furnished,West,Tellapur,59.5
2,2,2,0,1261,1035,4,9,Unfurnished,East,Tellapur,70
3,3,0,0,1570,1570,2,7,Unfurnished,North,Tellapur,80
3,3,0,0,1570,1570,3,7,Unfurnished,North,Tellapur,75
3,3,3,1,1760,1660,1,5,Unfurnished,East,Tellapur,75
2,2,0,0,1220,1220,0,5,Semi-Furnished,North,Timber Lake colony,54
2,2,0,0,1100,1100,2,6,Unfurnished,South - East,Toli Chowki,38
2,2,0,0,1200,1000,2,5,Unfurnished,South,Toli Chowki,40
2,2,0,0,1550,1400,4,6,Semi-Furnished,East,Toli Chowki,42
2,2,0,0,800,750,0,3,Unfurnished,South,Toli Chowki,35
2,2,2,0,1125,1125,1,5,Unfurnished,West,Toli Chowki,43
3,3,2,0,1200,1200,2,5,Unfurnished,East,Toli Chowki,54
2,2,0,0,1130,1130,3,5,Unfurnished,East,Tukkuguda,37.3
2,2,2,0,1040,900,16,26,Unfurnished,North - East,Tukkuguda,38
2,2,0,1,1160,1160,5,5,Semi-Furnished,West,Turkapalli,45
2,2,0,0,1165,669,1,5,Unfurnished,East,Uppal,48.9
2,2,0,1,1000,950,5,5,Unfurnished,West,Uppal,50
2,2,2,0,1150,1000,2,5,Furnished,East,Uppal,65
2,2,2,0,850,800,2,4,Unfurnished,North,Uppal,35
2,2,2,1,1033,900,2,5,Unfurnished,East,Uppal,47.5
2,2,2,1,1040,801,2,5,Unfurnished,East,Uppal,47
2,2,2,1,1179,900,0,7,Unfurnished,East,Uppal,62
2,2,2,1,1300,1300,0,12,Unfurnished,East,Uppal,71.5
3,2,0,0,1483,1483,3,8,Semi-Furnished,West,Uppal,69.3
2,2,0,0,750,650,5,5,Semi-Furnished,East,Upparpally,32
3,2,2,1,1540,1400,3,5,Unfurnished,North,VAISHALI Nagar Madinaguda,75
3,3,0,1,1450,1200,2,5,Unfurnished,East,Vanasthalipuram,70
2,2,2,0,845,750,4,4,Furnished,North - East,Venkata Ramana Colony,29
2,2,0,0,1120,1020,5,5,Unfurnished,East,Venkatraya Nagar,43.1
2,2,0,0,1120,850,5,5,Unfurnished,West,Vidyanagar,55
2,2,2,0,1020,950,1,4,Semi-Furnished,West,Vidyanagar,42
3,2,0,0,1303,1200,2,5,Unfurnished,North - East,Vijaya Puri Colony,60
2,2,2,1,1400,1300,2,3,Unfurnished,East,Vikas Nagar-Bandlaguda Jagir,59
2,2,0,0,820,725,4,4,Unfurnished,West,Warasiguda,38
2,2,0,0,1200,1100,2,4,Furnished,North,West Marredpally,50
2,2,0,0,800,450,2,3,Furnished,West,West Marredpally,35
2,2,0,1,1060,900,4,5,Semi-Furnished,West,West Marredpally,55
2,2,2,0,1050,980,2,5,Semi-Furnished,East,West Marredpally,38
3,3,0,1,1500,1500,4,4,Unfurnished,East,West Venkatapuram,60
3,2,0,0,1500,1400,1,5,Unfurnished,East,Yakubpura,50
2,2,2,1,1220,1220,0,5,Unfurnished,East,Yapral,46.3
3,3,0,0,1500,1500,1,5,Unfurnished,East,Yapral,51
3,3,2,0,1685,1685,3,5,Unfurnished,East,Yapral,70
2,2,2,0,1195,1195,2,4,Semi-Furnished,East,Zaheerabad,40.4
